Company,Mission Statement,Products/Services,Founded,Headquarters,Leadership,Awards
General Motors,"Based on the provided text, it's impossible to extract the requested details. The text is simply a webpage navigation menu or a header. It indicates sections like ""About Us,"" ""Operations,"" ""Leadership,"" and ""Contact Us,"" but it does not contain the actual company information needed to answer the query.

To extract the details, I would need the content of the ""About Us"" section, or any other page that provides information about General Motors.
"
Siemens Mobility,"Here's the extracted information from the provided text, presented in a structured format:

*   **Mission statement or core values**: ""Together with our customers and partners, we transform the everyday by creating sustainable mobility solutions.""

*   **Products or services offered**: sustainable mobility solutions

*   **Founding year and founders**: Not explicitly stated in the text.

*   **Headquarters location**: Not explicitly stated in the text.

*   **Key executives or leadership**: Not explicitly stated in the text.

*   **Notable awards or recognitions**: Not explicitly stated in the text."
Alibaba,"Here's the extracted information from the provided text, formatted as requested:

*   **Mission statement or core values:** Not explicitly stated in the provided text.

*   **Products or services offered:** Connects suppliers, manufacturers, and exporters with importers. (Based on ""Alibaba Manufacturer Directory - Suppliers, Manufacturers, Exporters Importers"")

*   **Founding year and founders:** Founding year is implied in the copyright notice: ""1999-2024 Alibaba.com."" Founders not listed in provided text.

*   **Headquarters location:** Not explicitly stated in the provided text, but there is a reference to ""浙公网安备 33010002000092号 浙B2-20120091-4,"" which indicates the company has an official registration in Zhejiang province, China.

*   **Key executives or leadership:** Not listed in the provided text.

*   **Notable awards or recognitions:** Not listed in the provided text.
"
Morgan Stanley,"Here's the extracted information from the provided text, organized into the requested sections:

**- Mission statement or core values:**

*   Core Values: Do the right thing, put clients first, lead with exceptional ideas, commit to diversity and inclusion, and give back.
*   We believe capital can work to benefit all of society We make this belief a reality by doing the right thing, putting clients first, leading with exceptional ideas, committing to diversity and inclusion, and giving back.
*   ""Since our founding in 1935, Morgan Stanley has consistently delivered first-class business in a first-class way.""

**- Products or services offered:**

*   Wealth Management
*   Investment Banking & Capital Markets (advisory, capital-raising)
*   Sales & Trading (market-making services)
*   Research (analysis of companies, sectors, markets, and economies)
*   Investment Management (active strategies in public/private markets, custom solutions)
*   Morgan Stanley at Work (workplace financial solutions)
*   Sustainable Investing (investment products, solutions, insights)
*   Inclusive Ventures Group (access to capital for entrepreneurs)

**- Founding year and founders:**

*   Founding Year: 1935
*   Founders: Not explicitly mentioned in this text.

**- Headquarters location:**

*   Not explicitly mentioned in this text.

**- Key executives or leadership:**

*   Mentions a Board of Directors and Senior Executives.
*   ""Morgan Stanley leadership is dedicated to conducting first-class business in a first-class way.""
*   Specific names of executives are not provided in this excerpt.

**- Notable awards or recognitions:**

*   Not explicitly mentioned in this text.
"
BASF,"Here's the extracted information from the provided text, presented in a structured format:

*   **Mission statement or core values:**
    *   ""Chemistry is our Passion""
    *   ""Our ambition is to be the preferred chemical company to enable our customers green transformation.""
    *   Focus on sustainability and climate neutrality.
    *   Promoting Diversity and Inclusion.
    *   Zero tolerence Policy For Prevention Of Sexual Harressment

*   **Products or services offered:**
    *   Agriculture solutions
    *   Automotive & Transportation solutions
    *   Chemicals
    *   Construction solutions
    *   Dispersions & Resins
    *   Electronics & Electric solutions
    *   Energy & Resources solutions
    *   Furniture & Wood solutions
    *   Home Care, Industrial & Institutional Cleaning solutions
    *   Nutrition solutions
    *   Packaging & Print solutions
    *   Paints & Coatings solutions
    *   Personal Care & Hygiene solutions
    *   Pharmaceuticals solutions
    *   Plastics & Rubber solutions
    *   Textile, Leather & Footwear solutions
    *   Certified compostable biopolymer (ecovio)

*   **Founding year and founders:**
    *   Not explicitly stated in the text.

*   **Headquarters location:**
    *   Unit No.10A,10B 10C part, 10 th Floor, Godrej One, Pirojsha Nagar, Eastern Express Highway, Vikhroli East, Mumbai - 400 079

*   **Key executives or leadership:**
    *   Not explicitly stated in the text.

*   **Notable awards or recognitions:**
    *   ""Working for an awarded Top Employer? BASF is one of the most attractive companies worldwide.""
"
LinkedIn,"Here are the extracted details from the provided text about LinkedIn:

*   **Mission Statement:** ""The mission of LinkedIn is simple – connect the world's professionals to make them more productive and successful.""
*   **Products or Services Offered:** Membership subscriptions, advertising sales, and recruitment solutions.
*   **Founding Year and Founders:** Officially launched on May 5, 2003. Started in 2002 in co-founder Reid Hoffman's living room.
*   **Headquarters Location:** Not explicitly stated in the provided text.
*   **Key Executives or Leadership:** Ryan Roslansky (Leadership Role), Reid Hoffman (Co-founder)
*   **Notable Awards or Recognitions:** Not stated in the text.
"
Salesforce,"Here are the extracted details from the provided company information, presented in a structured format:

*   **Mission Statement / Core Values:**

    *   Mission: ""Our mission is to bring out the best in one another, deliver success to our customers, and inspire the entire industry through our actions.""
    *   Core Values: Trust (Trust is our #1 value), Customer Success, Innovation, Equality, Sustainability (Net zero, now), Stakeholder Capitalism.

*   **Products or Services Offered:**

    *   Customer Relationship Management (CRM) software, now enhanced with AI.
    *   AI CRM platform
    *   Agentforce (AI-powered autonomous agents)
    *   Service Cloud
    *   Data Cloud
    *   Solutions for Sales, Service, Marketing, Commerce, and IT

*   **Founding Year and Founders:**

    *   Founded in 1999. (Founders not explicitly named in this text)

*   **Headquarters Location:**

    *   Not explicitly stated in the text, but implied to be in the US based on the initial statement: ""Salesforce US Skip to content""

*   **Key Executives or Leadership:**

    *   Mark Metrick (CEO, Saks Global)
    *   George Pokorny (Senior Vice President of Global Customer Success, OpenTable)
    *   Kevin Quigley (Senior Manager, CS Technology Solutions, Wiley)

*   **Notable Awards or Recognitions:**

    *   Gartner ranked Salesforce #1 in CRM in 2012
    *   ""Focusing on customers has its rewards."" (Implies they receive awards, but specific awards are not listed in this text)
"
eBay,"Here are the extracted details from the provided eBay Inc. company information:

*   **Mission statement or core values:** ""At eBay, we create pathways to connect millions of sellers and buyers in more than 190 markets around the world. Our technology empowers our customers, providing everyone the opportunity to grow and thrive no matter who they are or where they are in the world. And the ripple effect of our work creates waves of change for our customers, our company, our communities and our planet."" Focus on empowering customers, creating opportunities, and making a positive impact.

*   **Products or services offered:**
    *   Online marketplace connecting sellers and buyers.
    *   Technology solutions for e-commerce.
    *   Services for sellers to grow their businesses.
    *   Personalized shopping experiences for buyers.
    *   eBay mobile apps

*   **Founding year and founders:** Founded in 1995 (based on the copyright notice ""Copyright 1995-2025 eBay Inc."") - The founders are not stated in the provided text.

*   **Headquarters location:** Not explicitly stated in the provided text.

*   **Key executives or leadership:**
    *   This is referenced, but not listed: ""Meet the leaders at eBay who are shaping the vision for our company and driving the future of ecommerce.""
    *   Alex Kazim, Julie Cheng, and John Feldmeier (eBay Foundation Board)

*   **Notable awards or recognitions:**
    *   eBay for Charity raised over $192 million in 2024.
"
